pub1@nb266/Smack,26,325
pub1@nb266/Smack,7,325
pub1@nb266/Smack,14,325
pub1@nb266/Smack,8,325
pub1@nb266/Smack,7,325
pub1@nb266/Smack,8,325
pub1@nb266/Smack,6,325
pub1@nb266/Smack,8,325
pub1@nb266/Smack,8,325
pub1@nb266/Smack,11,325
pub1@nb266/Smack,6,325
pub1@nb266/Smack,10,325
pub1@nb266/Smack,8,325
pub1@nb266/Smack,7,325
pub1@nb266/Smack,10,325
pub1@nb266/Smack,5,325
pub1@nb266/Smack,11,325
pub1@nb266/Smack,6,325
pub1@nb266/Smack,15,325
pub1@nb266/Smack,7,325
pub1@nb266/Smack,9,325
pub1@nb266/Smack,6,325
pub1@nb266/Smack,7,325
pub1@nb266/Smack,6,325
pub1@nb266/Smack,7,325
pub1@nb266/Smack,6,325
pub1@nb266/Smack,7,325
pub1@nb266/Smack,8,325
pub1@nb266/Smack,8,325
pub1@nb266/Smack,8,325
pub1@nb266/Smack,5,325
pub1@nb266/Smack,7,325
pub1@nb266/Smack,7,325
pub1@nb266/Smack,9,325
pub1@nb266/Smack,13,325
pub1@nb266/Smack,5,325
pub1@nb266/Smack,19,325
pub1@nb266/Smack,5,325
pub1@nb266/Smack,22,325
pub1@nb266/Smack,7,325
pub1@nb266/Smack,26,325
pub1@nb266/Smack,11,325
pub1@nb266/Smack,23,325
pub1@nb266/Smack,6,325
pub1@nb266/Smack,30,325
pub1@nb266/Smack,6,325
pub1@nb266/Smack,26,325
pub1@nb266/Smack,6,325
pub1@nb266/Smack,33,325
pub1@nb266/Smack,6,325
pub1@nb266/Smack,29,325
pub1@nb266/Smack,6,325
pub1@nb266/Smack,23,325
pub1@nb266/Smack,5,325
pub1@nb266/Smack,27,325
pub1@nb266/Smack,7,325
pub1@nb266/Smack,26,325
pub1@nb266/Smack,6,325
pub1@nb266/Smack,16,325
pub1@nb266/Smack,7,325
pub1@nb266/Smack,26,325
pub1@nb266/Smack,9,325
pub1@nb266/Smack,32,325
pub1@nb266/Smack,9,325
pub1@nb266/Smack,29,325
pub1@nb266/Smack,5,325
pub1@nb266/Smack,30,325
pub1@nb266/Smack,8,325
pub1@nb266/Smack,21,325
pub1@nb266/Smack,5,325
pub1@nb266/Smack,26,325
pub1@nb266/Smack,6,325
pub1@nb266/Smack,32,325
pub1@nb266/Smack,6,325
pub1@nb266/Smack,31,325
pub1@nb266/Smack,6,325
pub1@nb266/Smack,28,325
pub1@nb266/Smack,6,325
pub1@nb266/Smack,30,325
pub1@nb266/Smack,7,325
pub1@nb266/Smack,27,325
pub1@nb266/Smack,6,325
pub1@nb266/Smack,20,325
pub1@nb266/Smack,6,325
pub1@nb266/Smack,14,325
pub1@nb266/Smack,9,325
pub1@nb266/Smack,31,325
pub1@nb266/Smack,6,325
pub1@nb266/Smack,27,325
pub1@nb266/Smack,4,325
pub1@nb266/Smack,25,325
pub1@nb266/Smack,5,325
pub1@nb266/Smack,25,325
pub1@nb266/Smack,8,325
pub1@nb266/Smack,29,325
pub1@nb266/Smack,11,325
pub1@nb266/Smack,27,325
pub1@nb266/Smack,5,325
pub1@nb266/Smack,27,325
pub1@nb266/Smack,8,325
